Tenure in Months,Monthly Charge,Age,Customer Status
9,65.6,37,0
9,-4.0,46,0
4,73.9,50,1
13,98.0,78,1
3,83.9,75,1
63,84.65,52,0
7,48.2,68,0
56,45.05,39,0
71,95.75,58,0
45,62.7,79,1
1,25.1,67,1
13,94.1,26,1
4,20.35,34,1
1,30.5,37,1
55,103.7,37,0
54,20.4,42,0
26,19.6,64,0
37,91.2,23,0
66,-2.0,28,0
20,39.4,33,0
55,89.8,37,0
27,75.75,60,0
2,49.25,69,1
25,61.6,46,0
72,85.15,19,0
64,81.25,25,0
40,91.55,72,0
40,104.5,51,1
11,95.0,78,1
30,64.5,58,0
27,19.4,26,0
1,19.85,32,1
1,99.75,59,1
49,84.35,61,1
10,19.95,21,0
21,111.2,24,1
37,40.2,52,1
7,73.85,29,1
15,101.35,42,1
26,45.8,51,0
44,20.5,64,0
2,86.25,40,1
44,74.85,76,0
12,89.75,57,1
69,109.95,71,0
1,80.2,25,1
3,19.85,24,1
26,20.3,57,0
25,94.7,41,1
1,70.9,43,1
22,54.2,48,1
19,86.85,34,0
47,87.2,54,0
62,108.15,42,0
71,116.3,22,0
25,35.05,32,0
58,105.5,73,1
10,85.25,26,1
9,75.2,59,0
6,84.35,78,1
69,84.45,47,0
70,115.55,30,1
25,25.3,62,1
54,114.65,63,0
15,105.1,54,1
12,19.4,48,0
30,84.3,52,0
71,100.55,22,0
4,84.8,26,1
2,85.85,58,1
52,48.8,69,0
5,47.15,25,1
8,20.15,30,0
72,69.65,53,0
63,36.1,76,0
66,56.6,38,0
1,75.9,23,1
1,85.55,45,1
15,93.35,49,1
72,89.7,25,0
72,92.65,35,0
67,92.45,69,0
28,81.05,58,1
27,75.2,80,1
2,85.65,22,1
9,72.9,50,1
32,74.9,76,1
16,100.7,57,0
72,114.3,43,0
3,19.75,41,1
7,-3.0,21,0
8,54.4,49,0
66,50.55,33,0
5,21.05,30,1
49,103.7,38,1
12,29.3,70,0
27,54.75,54,0
54,86.2,40,0
1,95.45,56,1
5,63.95,38,0
72,63.8,61,0
32,20.05,50,0
8,101.15,47,1
41,65.0,35,0
5,96.1,61,1
16,19.05,62,0
71,105.75,80,0
11,40.4,23,0
61,99.15,63,1
71,84.8,50,0
6,49.45,63,0
26,88.8,58,1
6,55.15,29,0
11,84.8,54,0
1,80.55,25,1
49,20.15,31,0
23,99.85,28,1
2,45.35,63,1
1,48.55,37,1
68,100.2,74,1
8,94.7,44,1
39,100.0,62,0
1,70.1,43,1
3,97.9,40,1
5,69.95,55,1
3,81.35,77,1
55,66.05,41,0
72,61.2,43,0
72,74.4,69,0
41,106.3,63,1
6,89.3,43,1
58,102.1,33,1
23,19.6,60,0
31,98.9,70,1
25,20.05,41,0
40,19.65,48,0
36,84.9,46,1
32,108.15,22,1
71,86.85,28,0
37,91.2,52,0
9,39.55,34,0
1,34.7,31,1
23,90.6,21,1
17,88.25,31,1
3,85.8,20,1
58,60.3,31,1
69,85.35,42,0
2,74.4,28,1
1,70.45,76,1
59,93.85,70,1
37,101.9,22,1
72,24.45,36,0
3,74.4,21,1
54,101.5,75,1
60,95.75,59,1
58,110.65,35,0
1,44.4,58,1
49,85.3,44,0
8,25.5,40,1
39,99.75,72,0
15,20.55,23,0
1,20.9,54,1
22,87.0,56,0
15,49.0,40,0
28,90.1,37,1
62,60.15,47,0
44,50.15,64,0
53,94.45,59,0
48,20.05,44,0
48,45.3,28,1
24,99.65,39,0
13,35.4,58,0
63,83.5,19,0
23,83.8,45,1
52,25.6,26,0
72,20.1,39,0
62,104.85,70,0
41,73.0,34,1
43,77.85,47,1
19,96.8,58,0
55,96.75,37,1
11,19.65,48,0
49,74.45,58,0
1,69.5,41,1
21,73.7,28,0
1,79.7,39,1
5,-1.0,78,1
24,74.4,61,0
27,88.3,72,1
5,75.55,78,1
57,20.1,32,0
1,71.1,41,1
60,100.5,74,0
37,62.8,57,0
1,70.45,42,1
28,100.35,39,0
18,20.15,39,1
5,54.2,21,1
1,70.75,56,1
35,102.35,26,1
30,85.0,25,1
72,42.1,36,0
15,75.65,70,1
70,114.6,36,0
66,65.7,37,0
55,85.45,66,1
24,79.85,66,0
12,21.05,19,0
51,79.6,69,0
58,70.1,26,0
72,74.55,61,0
70,44.6,62,0
9,95.5,45,1
20,95.5,28,0
69,78.6,51,1
7,61.4,38,0
69,43.95,19,0
5,25.9,34,1
46,99.65,32,0
27,95.55,70,1
22,83.3,23,1
4,72.75,76,0
38,20.3,43,0
40,80.0,41,0
8,49.85,48,1
64,91.8,21,0
62,100.15,32,1
14,46.35,53,1
12,69.85,41,0
59,25.45,40,0
59,75.95,40,0
53,19.75,62,1
20,89.0,35,1
1,25.25,77,1
1,25.05,74,1
64,47.85,61,1
49,75.2,62,1
28,74.9,60,1
13,81.9,47,0
4,18.85,41,0
10,45.55,28,1
65,93.55,50,0
21,-10.0,77,1
29,20.2,40,0
72,24.15,55,0
22,67.5,49,1
23,90.05,64,1
40,70.75,33,0
2,76.5,30,1
13,84.05,40,1
16,95.6,39,1
67,102.95,28,1
47,80.35,73,1
21,104.4,45,1
62,70.75,58,0
7,98.05,32,1
48,60.6,35,0
53,78.75,43,0
6,19.0,38,0
1,25.8,76,1
48,69.55,45,0
71,97.65,47,0
53,105.55,33,0
1,69.25,73,1
50,75.5,29,0
15,101.1,62,1
1,95.0,42,1
2,70.75,74,1
65,72.45,24,1
52,85.8,61,0
13,83.2,42,1
46,110.0,65,1
53,94.85,24,1
40,105.95,41,0
4,85.65,19,1
9,68.25,45,0
4,101.7,28,1
70,75.5,79,0
13,65.85,56,0
9,74.55,70,1
12,61.65,52,1
4,74.9,68,1
1,74.45,73,1
45,34.2,67,0
55,100.0,66,1
69,97.65,41,0
9,79.9,35,1
24,55.65,43,1
72,53.8,61,0
72,99.15,52,0
4,50.05,50,1
1,82.3,64,1
51,69.75,50,0
51,56.15,42,0
72,86.65,39,0
2,25.05,22,1
70,109.5,38,1
4,19.9,25,0
2,95.85,63,1
46,33.7,35,0
54,63.35,29,0
1,19.3,58,1
66,74.6,56,0
16,112.95,49,0
3,88.35,33,1
71,59.7,44,0
9,34.7,43,1
9,100.5,65,1
16,39.0,68,1
16,20.6,36,0
58,19.55,54,0
4,80.15,27,0
72,20.3,29,0
71,90.4,25,0
3,55.1,43,1
24,78.4,54,0
13,30.15,50,0
1,70.85,65,1
55,77.8,48,0
27,81.45,80,1
17,66.7,48,0
2,34.7,19,1
52,49.15,76,1
24,21.05,55,0
9,40.65,64,1
1,35.55,38,1
53,85.45,38,1
34,64.4,53,1
20,82.4,26,1
5,53.85,34,1
13,102.25,36,1
59,69.1,30,0
9,79.55,40,1
10,84.6,70,1
5,85.4,62,1
54,103.95,20,1
56,86.4,32,0
4,101.15,21,1
2,19.5,23,1
27,101.25,72,1
1,45.7,57,1
53,93.45,29,0
54,104.3,47,1
8,44.55,46,0
11,99.5,43,1
34,100.85,21,0
56,105.35,31,0
69,20.2,29,0
72,115.15,29,0
55,85.5,29,0
72,104.15,66,1
22,83.05,35,0
3,83.75,55,1
60,89.45,70,0
3,75.25,40,1
7,74.65,23,1
4,29.9,78,0
63,89.6,74,0
36,76.35,33,0
47,20.25,50,0
13,53.45,40,0
35,100.25,44,1
10,80.7,54,1
30,80.8,24,0
44,92.95,46,0
47,85.3,22,0
58,98.7,67,1
7,80.3,21,1
20,73.65,71,1
13,98.15,46,1
12,35.5,19,0
7,69.9,25,0
49,109.2,35,0
62,20.3,57,0
32,96.2,45,1
11,20.0,37,0
1,70.8,23,1
1,89.55,38,1
62,39.0,61,0
69,99.45,30,1
26,50.35,32,0
40,50.85,27,0
72,80.85,40,0
18,49.4,31,1
1,20.1,25,1
56,94.8,71,0
7,20.0,27,1
5,96.5,54,1
8,69.7,66,0
62,106.05,47,0
56,90.55,63,0
41,24.85,38,0
1,-4.0,29,1
11,-7.0,39,1
1,19.55,27,1
1,70.85,51,1
63,103.5,77,0
60,-9.0,59,0
19,20.6,43,0
12,19.8,59,1
41,70.25,25,1
71,113.15,25,0
56,25.15,19,1
8,21.05,54,0
20,70.55,56,0
72,108.65,63,0
56,109.6,36,0
1,69.9,49,1
1,20.15,29,1
25,19.9,47,0
1,85.05,68,1
55,25.7,54,0
59,20.35,29,0
16,98.75,69,1
51,85.5,63,0
1,-7.0,35,1
1,69.1,46,1
3,19.6,38,1
56,99.8,27,0
17,76.65,62,1
18,25.1,33,0
11,19.55,45,0
47,95.05,78,1
66,74.25,34,0
42,54.55,42,0
17,49.8,27,0
15,51.1,60,0
28,105.8,67,0
63,108.25,46,0
15,89.85,67,1
14,105.95,59,1
54,55.0,43,1
16,53.9,36,1
1,70.65,64,1
24,24.6,58,0
50,84.15,53,0
2,29.85,64,1
2,85.7,39,1
67,108.75,59,1
33,39.1,62,0
1,74.95,59,1
16,20.4,59,0
72,19.55,58,0
49,106.65,45,0
69,85.4,33,0
11,89.2,60,0
10,79.95,38,1
63,89.4,39,0
38,83.9,26,1
13,91.1,54,1
7,73.6,63,1
7,59.5,54,1
56,80.3,56,0
52,23.05,42,0
23,48.35,60,1
20,49.6,63,0
6,49.65,49,1
50,20.55,32,0
60,89.9,27,0
45,108.45,30,0
43,100.55,77,0
12,19.0,48,1
6,26.35,21,0
8,19.8,20,0
2,49.6,26,1
50,105.95,37,1
21,75.3,25,0
14,90.45,74,1
18,19.55,49,0
67,26.1,45,0
1,20.1,63,1
14,20.4,46,0
43,50.2,41,0
2,54.4,22,1
31,99.95,74,1
4,54.3,64,1
9,75.75,46,1
55,96.8,40,1
49,56.3,51,0
71,80.45,30,0
68,96.55,68,1
16,85.35,66,1
30,19.7,24,0
12,43.65,77,1
4,88.85,69,1
1,79.9,62,1
72,110.6,55,0
20,89.95,70,0
9,70.05,24,0
2,78.55,69,1
42,-5.0,66,0
21,106.1,27,1
72,108.4,56,0
3,75.5,30,1
52,110.75,75,0
46,30.3,57,1
53,98.4,45,1
15,55.0,73,1
18,20.1,59,0
7,25.05,42,0
54,24.75,40,0
1,24.25,64,1
72,101.35,49,0
9,24.95,61,0
4,20.05,33,0
10,86.05,33,1
63,103.4,61,1
14,19.35,24,0
61,94.15,63,0
13,80.0,59,0
1,20.05,57,1
72,115.6,26,0
4,19.55,53,0
6,78.65,44,0
67,109.7,50,0
1,70.3,80,1
46,94.15,55,0
40,55.8,71,0
11,66.35,62,1
4,94.3,65,1
30,48.8,37,0
15,91.0,31,0
7,20.05,62,1
3,91.05,65,1
11,72.9,27,0
21,74.05,32,1
3,105.9,71,1
70,20.05,47,0
54,110.45,77,0
1,89.3,68,1
32,79.25,64,0
11,74.55,20,1
52,109.3,54,0
12,19.7,57,0
33,82.1,44,0
29,30.6,53,1
10,67.8,62,0
13,29.15,33,0
66,103.15,40,0
70,115.65,51,1
1,69.15,54,1
57,95.25,39,1
1,80.0,48,1
3,19.8,33,1
10,98.5,33,1
56,73.85,22,1
39,51.05,59,0
1,89.1,44,1
52,91.6,61,0
10,98.5,35,1
10,102.1,31,1
7,74.9,55,0
35,81.6,76,0
28,94.5,52,1
52,93.25,49,0
1,20.2,28,1
1,25.7,68,1
59,86.75,21,0
2,45.85,34,1
58,106.45,57,1
45,73.85,21,0
12,89.4,36,1
33,44.55,23,0
9,74.65,31,1
7,89.75,25,1
52,96.25,63,1
61,49.7,34,0
17,62.1,58,0
1,62.05,58,1
48,99.7,53,0
71,99.0,50,0
4,58.5,28,0
31,104.35,23,0
32,84.15,53,1
30,106.4,22,0
70,114.2,21,1
43,115.05,25,0
4,63.75,53,0
13,82.0,79,1
4,84.05,21,1
8,94.0,59,1
5,78.75,55,1
12,99.95,20,1
57,97.55,26,0
4,55.2,64,0
70,105.35,70,0
30,19.65,42,1
7,90.45,31,1
19,87.3,66,0
1,60.1,26,1
12,112.95,60,1
17,51.5,36,1
66,99.5,79,1
3,45.35,26,1
51,80.0,38,1
35,75.35,53,1
2,76.4,39,1
26,95.0,74,1
4,75.35,42,1
1,45.15,29,1
8,20.7,59,0
2,75.9,30,1
42,33.55,55,1
5,89.8,75,1
10,84.7,40,1
68,83.0,42,1
20,94.55,75,1
29,19.4,30,0
14,50.1,19,0
19,20.5,29,0
71,25.45,80,0
4,50.95,72,0
6,20.2,38,0
68,91.7,45,0
33,93.8,48,1
53,19.9,35,0
18,95.45,71,1
6,74.1,65,0
1,49.65,60,1
37,100.05,64,0
14,89.65,57,1
72,75.1,32,0
3,79.4,28,1
23,20.45,56,0
34,78.3,36,1
39,25.25,27,0
61,19.1,21,0
12,59.8,44,1
52,61.35,39,0
17,69.0,53,0
9,80.85,79,1
63,24.2,64,0
47,19.75,33,0
45,54.65,21,0
53,20.2,38,0
42,101.75,64,1
5,89.5,67,1
54,109.75,34,1
1,19.45,42,1
10,40.25,52,0
34,50.2,33,0
4,93.5,47,1
54,94.75,30,0
47,70.55,73,1
8,19.35,51,0
1,35.25,53,1
56,115.85,42,0
9,55.35,40,1
22,89.75,65,0
39,19.9,26,0
35,20.05,24,0
1,79.55,59,1
8,45.45,30,0
1,25.2,74,1
29,95.9,70,1
72,114.65,73,0
28,85.45,64,0
17,89.15,80,1
1,48.6,22,1
15,59.65,22,0
12,54.3,59,0
5,46.0,56,1
64,19.8,47,0
27,89.2,31,0
1,69.55,27,1
65,94.55,35,0
61,19.75,44,0
1,74.2,70,1
24,20.25,61,0
42,25.05,20,0
72,109.95,58,0
50,103.7,28,1
22,85.35,71,0
1,70.15,80,1
8,60.0,43,0
8,20.35,61,0
64,24.8,62,0
26,50.35,47,0
1,70.0,38,1
4,20.05,65,0
40,39.3,66,1
41,98.4,77,1
11,74.35,35,1
12,80.85,57,1
2,104.4,26,1
69,89.95,65,1
20,90.8,79,1
22,89.25,38,1
64,90.6,44,0
48,106.1,55,1
22,89.4,39,1
24,64.35,23,0
10,72.85,69,1
8,66.7,47,0
36,80.4,59,0
1,70.5,53,1
13,79.25,48,1
7,86.5,62,1
47,40.3,27,0
21,20.35,31,0
33,100.6,79,0
1,20.15,35,1
68,110.25,43,0
72,98.2,32,0
10,20.1,23,0
59,20.2,47,0
52,79.2,61,0
1,45.3,59,1
1,20.4,31,1
14,78.95,65,1
16,89.05,37,1
35,23.3,38,0
7,34.2,47,0
1,46.0,69,1
1,73.0,72,1
3,75.05,68,1
2,79.75,44,1
23,25.6,27,0
70,109.5,21,1
29,25.15,47,0
43,19.65,44,0
27,75.5,75,1
48,70.65,72,0
1,20.5,24,1
66,99.5,62,1
1,81.95,44,1
8,19.05,26,0
18,33.5,59,1
11,99.55,78,1
1,84.3,27,1
9,103.1,32,0
18,19.0,42,0
1,74.6,23,1
13,99.0,31,1
7,79.3,54,1
18,85.6,45,0
12,106.7,44,1
43,49.05,64,1
24,102.95,73,1
2,90.4,47,1
38,94.65,25,1
33,95.8,24,1
49,100.85,56,0
72,114.45,51,0
33,59.45,80,0
3,70.4,71,1
55,51.65,75,0
72,96.6,70,0
21,86.5,50,1
5,69.75,32,1
37,19.5,57,0
29,71.0,47,0
64,111.15,41,0
7,76.45,77,1
23,79.35,66,0
68,25.25,47,0
2,89.55,49,1
17,92.7,37,0
5,49.4,54,0
68,70.9,48,0
6,69.25,50,1
1,45.6,31,1
29,89.2,25,1
37,20.35,56,0
30,51.2,57,1
31,73.9,70,1
65,25.75,56,0
5,67.95,39,1
55,73.1,50,0
33,95.0,41,0
30,104.1,80,0
3,35.45,29,1
4,50.7,42,1
14,89.8,57,1
25,70.95,52,1
72,115.55,23,0
18,75.4,44,0
7,84.35,66,0
34,105.35,47,0
5,85.3,37,0
1,45.65,63,1
14,19.7,40,0
4,68.65,51,1
67,25.25,55,0
22,61.15,21,1
37,99.2,55,1
15,79.75,42,1
13,75.3,20,1
20,20.05,31,0
46,105.2,23,1
72,92.4,20,0
71,65.15,29,0
22,69.7,22,0
12,96.0,46,1
29,58.55,68,0
7,40.1,36,1
34,55.0,31,0
22,79.2,27,1
15,85.9,37,1
72,111.95,47,0
18,59.1,74,0
47,85.3,40,1
68,53.0,65,0
68,80.65,52,0
1,84.85,25,1
24,79.65,24,0
7,84.8,75,1
1,50.8,58,1
7,51.0,56,1
52,24.55,34,0
45,20.0,42,0
27,45.85,25,0
9,85.5,35,0
8,45.15,59,1
15,19.4,47,1
70,93.9,38,1
8,19.5,19,0
48,19.55,20,0
1,55.2,22,1
6,44.4,75,0
72,-4.0,21,0
4,50.85,36,1
39,95.55,29,1
58,103.25,20,1
38,81.85,44,0
33,80.1,29,0
20,19.4,20,0
20,105.85,57,1
52,85.15,63,0
69,46.25,29,0
2,70.2,75,1
51,24.95,46,0
4,99.6,68,1
72,109.15,21,0
50,94.4,27,0
62,110.8,42,0
14,74.3,75,1
72,110.75,48,0
3,75.1,63,1
71,99.2,70,0
60,99.0,69,0
4,48.75,65,0
49,99.25,23,0
62,70.45,25,0
48,117.45,76,1
28,76.55,31,0
10,33.9,42,1
16,89.45,41,1
72,55.65,28,0
1,19.9,33,1
38,80.3,55,1
32,104.05,44,0
57,70.1,46,1
16,19.7,35,1
9,94.85,54,1
58,20.5,52,0
42,94.4,52,0
7,-2.0,20,0
28,103.3,79,1
24,80.25,52,1
39,104.7,35,1
36,84.75,22,1
30,70.4,47,0
70,113.65,28,0
5,104.1,43,1
2,44.35,45,1
6,84.85,61,1
62,100.15,41,1
38,20.2,65,0
1,53.5,22,1
17,20.1,46,0
50,69.65,25,0
4,49.35,40,1
8,80.45,67,1
13,70.15,77,1
55,20.5,57,0
71,90.1,30,0
37,80.05,48,0
41,111.95,66,1
59,110.15,43,1
10,34.7,67,1
72,108.4,29,0
72,19.85,52,0
24,-1.0,44,1
22,54.45,62,1
5,20.25,31,0
6,98.25,79,1
1,70.3,32,1
18,56.8,19,0
54,72.1,68,0
12,98.1,67,1
40,55.8,72,1
5,92.5,33,1
8,19.65,58,0
72,111.65,72,0
6,91.0,39,1
40,101.85,76,1
23,73.65,20,0
41,83.75,74,1
10,70.0,41,1
31,19.55,45,1
2,35.1,36,1
31,79.3,47,0
4,44.55,44,1
4,20.4,52,0
72,110.8,69,0
11,70.2,51,0
23,86.8,66,0
6,98.15,20,1
1,69.55,76,1
72,25.75,62,0
1,79.5,60,1
2,75.45,77,1
41,78.45,20,0
38,99.25,30,1
60,104.35,80,0
25,55.1,34,0
17,76.45,66,1
71,93.7,55,1
61,94.1,46,1
42,63.7,29,0
72,20.7,19,0
57,53.45,33,0
7,19.5,48,0
72,23.3,26,0
1,24.05,21,1
4,70.2,43,1
37,99.5,26,1
7,69.0,25,1
44,100.1,30,0
37,45.4,23,0
54,30.4,45,0
6,20.1,52,0
50,19.75,63,0
3,24.75,36,1
27,19.7,48,0
71,109.3,36,0
14,44.6,57,0
6,30.5,47,1
4,70.05,46,1
1,77.15,32,1
12,100.15,24,1
4,81.0,25,1
64,19.55,42,0
33,72.75,54,0
1,70.15,34,1
4,50.9,55,1
68,111.75,40,0
62,23.65,49,0
66,100.05,71,1
53,60.05,71,1
1,69.6,68,1
4,48.55,26,1
64,84.3,34,0
27,79.5,35,1
9,85.05,68,1
7,94.25,22,1
33,19.45,25,0
54,108.0,49,0
15,74.45,70,1
4,100.2,57,1
26,84.95,65,1
67,111.3,58,1
10,95.35,71,1
72,104.9,43,0
8,19.75,44,1
1,25.15,46,1
6,91.1,53,1
37,88.8,33,0
56,110.5,73,0
7,19.9,29,0
58,98.9,80,0
53,19.65,62,0
31,89.45,76,0
29,84.45,37,1
30,91.7,69,1
25,89.1,36,1
9,85.35,28,1
12,79.55,47,0
11,73.85,40,1
34,105.35,51,0
10,51.65,38,0
8,20.05,24,0
4,46.0,68,1
17,93.85,36,1
6,48.95,28,0
2,94.0,65,1
1,49.55,73,1
64,105.65,30,1
46,56.9,52,0
1,90.75,26,1
72,84.2,45,0
33,19.8,35,0
2,45.25,28,1
2,80.55,29,1
5,20.35,39,0
10,24.0,35,0
63,99.9,22,1
47,103.7,32,0
65,74.2,41,0
8,-8.0,74,0
10,95.2,54,1
9,77.65,40,1
2,74.7,74,1
8,43.35,67,0
24,29.1,25,0
15,83.05,65,1
10,61.9,56,0
1,78.05,20,1
24,39.1,75,1
53,60.45,61,1
63,80.3,30,0
5,69.35,67,0
66,20.55,57,0
25,19.8,42,0
56,99.75,45,0
25,26.8,56,0
32,101.35,33,0
16,50.15,21,1
23,88.45,74,0
5,70.25,68,1
13,45.55,52,1
28,19.9,64,0
72,71.45,26,0
61,103.9,37,0
1,45.05,23,1
71,108.05,30,1
52,84.1,40,1
2,20.65,60,1
24,93.15,77,1
43,75.35,39,0
2,46.05,27,1
41,99.8,78,1
14,87.25,49,1
64,68.3,57,0
72,19.4,38,0
1,68.65,62,1
43,89.55,74,1
53,95.85,69,0
17,55.85,50,1
20,85.8,67,1
61,89.65,52,0
4,89.2,74,1
1,80.5,24,1
1,79.25,49,1
2,80.6,54,1
45,89.3,41,1
40,84.85,64,1
34,105.1,38,0
1,20.25,64,1
35,40.9,36,0
35,19.9,63,0
35,70.3,61,1
63,107.5,50,1
72,117.8,31,1
25,34.0,19,1
40,80.8,46,0
21,55.95,30,1
70,19.55,73,0
72,84.05,24,0
11,20.6,21,0
37,90.6,42,0
39,55.9,50,1
4,76.65,36,1
10,19.7,38,0
30,68.95,37,0
8,20.2,26,0
46,94.65,44,0
8,94.2,22,1
56,98.25,21,1
31,65.25,29,1
13,59.9,76,0
2,24.4,53,1
18,64.8,45,0
35,33.45,59,0
1,50.6,47,1
4,80.8,28,1
5,85.3,30,1
17,80.85,41,1
1,20.2,48,1
24,78.85,71,1
12,45.4,49,1
4,80.35,60,1
24,85.95,60,0
2,45.15,56,1
10,100.6,41,1
36,91.95,74,0
22,59.05,33,0
17,94.4,57,1
1,74.45,75,1
11,94.0,64,1
2,73.55,27,1
4,74.8,51,1
6,89.5,58,1
67,86.15,41,0
40,99.2,74,1
19,24.9,20,0
70,40.05,25,0
32,104.9,76,1
55,98.8,73,1
55,103.65,54,0
2,94.2,34,1
62,96.75,58,1
7,20.65,61,0
29,75.3,26,0
29,33.75,47,0
12,81.7,44,1
33,86.15,63,1
64,25.0,44,0
1,89.9,21,1
8,74.85,64,0
9,44.95,57,1
48,34.7,31,1
10,94.85,34,1
1,85.8,30,1
3,95.2,21,1
9,24.6,24,0
41,102.6,36,1
14,69.2,52,0
14,19.9,27,0
1,55.4,37,1
1,69.95,29,1
68,55.9,49,0
1,88.8,77,1
60,99.65,38,0
7,73.75,78,1
23,20.4,48,0
5,75.9,30,1
14,19.65,73,0
1,43.95,55,1
66,103.1,33,0
53,25.55,37,0
61,111.6,44,1
1,35.45,64,1
67,87.4,34,1
12,78.1,32,1
27,104.3,73,1
61,100.7,60,0
65,107.65,25,0
19,50.1,51,0
2,49.05,42,1
2,86.85,73,1
4,19.95,30,0
60,90.95,21,1
8,85.2,32,1
54,24.05,19,0
22,20.3,24,0
57,44.85,70,1
6,85.35,61,1
56,94.45,21,1
13,88.35,52,1
6,49.15,59,1
69,24.95,23,0
1,20.1,33,1
2,96.0,57,1
53,46.3,37,0
60,65.85,35,0
55,-2.0,75,0
5,70.0,39,1
1,45.85,47,1
61,86.45,57,0
38,101.15,71,0
9,55.3,51,0
71,19.7,22,0
1,71.35,43,1
23,19.65,34,0
1,100.25,45,1
70,51.05,19,0
66,105.65,44,0
1,91.7,20,1
14,19.95,49,0
46,20.25,42,0
49,100.6,42,1
68,110.0,26,1
50,84.4,59,1
19,105.0,67,0
65,-3.0,47,0
3,84.75,47,1
67,111.25,39,0
8,75.25,51,0
26,59.45,47,0
57,95.25,74,1
39,75.25,64,1
17,70.4,35,1
61,93.7,19,0
8,94.45,66,1
24,51.1,45,0
26,83.95,36,1
65,91.55,52,0
34,79.95,40,0
71,99.0,43,0
18,82.0,36,1
8,74.5,51,1
3,31.0,43,1
1,70.25,27,1
10,85.55,77,1
62,43.6,38,0
4,78.45,28,1
52,100.3,31,0
19,88.2,74,1
18,45.65,58,0
6,44.7,69,0
72,113.8,75,0
72,116.6,26,0
71,106.0,60,1
71,25.45,33,0
39,95.65,79,1
1,75.05,23,1
34,19.6,53,0
32,83.7,56,0
6,25.4,58,0
37,28.6,31,1
11,111.4,75,0
1,76.4,76,1
23,34.6,27,0
29,66.1,32,0
68,85.5,27,0
29,79.3,69,0
59,85.55,24,1
15,76.0,29,1
50,93.5,64,0
5,45.7,79,1
14,78.1,50,0
20,19.5,23,0
35,95.45,70,1
6,95.75,69,1
14,95.6,65,0
71,104.65,23,0
28,106.1,58,1
64,96.9,31,0
3,50.6,56,1
34,109.8,23,1
1,49.95,51,1
33,110.45,70,1
12,94.55,38,0
72,97.25,75,0
36,54.1,65,0
4,20.2,29,0
8,49.55,24,0
18,48.35,70,1
29,80.1,60,0
28,92.35,47,1
67,94.35,41,1
58,19.85,48,0
16,86.6,76,1
13,89.4,42,1
4,70.9,42,1
44,24.85,44,0
47,104.1,61,0
5,94.85,44,1
8,105.5,79,1
25,100.25,59,1
70,115.15,45,0
43,60.0,64,0
12,91.3,79,1
72,89.55,74,0
21,69.1,76,1
51,60.5,40,0
55,57.55,28,1
22,63.55,73,0
71,109.0,22,0
60,103.75,57,0
2,65.7,21,1
65,105.25,78,1
5,71.45,78,0
1,71.0,57,1
28,54.35,27,0
14,19.5,58,0
58,108.85,78,1
15,51.55,47,1
19,89.1,30,0
60,89.55,34,0
1,69.35,64,1
6,99.95,26,1
43,60.4,46,0
58,45.3,66,1
35,19.7,62,0
25,20.95,47,0
19,94.95,78,0
49,74.6,39,0
68,20.0,66,0
24,24.2,58,0
26,92.4,34,0
21,45.65,60,0
67,74.0,49,0
19,34.95,23,0
40,25.25,43,0
16,100.0,61,1
41,80.25,36,0
21,24.7,53,0
36,19.55,47,0
70,74.1,46,0
8,74.5,66,1
56,60.25,32,0
1,70.05,38,1
4,70.5,40,0
15,96.3,76,1
1,19.95,52,1
71,111.3,55,0
71,90.55,43,0
72,38.5,25,0
70,65.3,57,1
72,109.55,67,0
3,75.85,61,1
34,26.1,54,0
37,64.75,26,1
32,75.5,21,0
26,19.3,65,0
22,69.5,22,1
17,19.4,58,0
7,20.65,55,0
32,85.3,76,1
47,67.45,78,0
3,29.6,46,1
15,86.2,21,1
55,85.1,51,0
72,83.6,36,0
7,19.45,29,0
47,26.9,20,0
33,83.35,51,1
1,74.4,68,1
20,20.0,21,0
47,74.05,56,0
29,99.05,65,1
12,45.9,39,0
53,105.25,40,0
42,49.55,40,0
58,94.7,30,0
65,109.15,60,1
46,84.8,28,0
45,18.85,47,0
72,110.3,44,0
10,44.85,34,1
1,55.0,25,1
8,95.65,53,1
10,98.9,37,0
35,99.05,78,0
35,85.95,27,1
70,104.45,73,0
10,54.25,41,0
31,50.05,35,0
13,106.9,68,1
64,109.2,53,0
52,19.35,44,0
14,100.2,71,1
57,49.9,44,0
9,71.0,49,1
1,75.3,28,1
8,64.1,19,0
17,80.85,25,0
15,38.8,49,0
62,20.05,19,0
13,43.8,34,0
31,89.9,54,1
71,19.9,34,0
61,115.1,58,0
7,95.6,74,1
13,97.0,60,0
56,19.7,42,0
22,94.7,52,1
32,36.25,48,0
3,55.35,19,1
1,54.9,19,1
15,101.25,43,1
2,53.85,37,1
5,51.0,20,1
1,46.2,47,1
71,115.15,57,0
4,80.6,46,1
36,84.1,71,1
2,30.4,73,1
14,71.0,27,1
10,24.4,27,0
6,50.8,51,1
58,104.65,34,1
16,63.05,56,0
29,31.2,30,0
52,106.5,70,0
50,82.5,59,0
16,74.45,70,0
2,90.0,51,1
45,20.4,49,1
1,74.25,28,1
32,84.05,44,1
26,-2.0,51,0
42,74.15,76,1
49,84.5,49,0
37,78.9,43,0
1,69.1,62,1
60,101.15,27,0
51,83.85,20,0
2,70.95,45,1
27,19.6,62,0
1,88.35,23,1
6,82.85,34,1
15,75.35,22,0
61,85.55,78,0
22,51.1,29,0
28,91.25,50,0
11,96.2,60,1
24,84.85,57,0
21,82.35,25,1
1,74.6,63,1
2,67.75,58,1
1,35.05,62,1
13,20.45,59,0
15,88.15,21,1
2,44.15,78,1
16,71.8,78,1
65,100.75,66,0
32,106.35,77,1
65,108.8,69,0
66,104.05,23,1
46,19.2,49,0
1,74.7,23,1
68,109.05,55,0
57,100.6,73,1
67,24.85,19,0
33,20.1,61,0
64,20.2,23,0
1,36.45,79,1
58,19.55,52,0
71,93.2,38,0
72,106.85,69,0
56,100.65,68,1
13,95.05,73,1
63,75.55,58,0
1,23.45,55,1
7,69.95,49,1
14,-8.0,52,0
1,89.15,44,1
1,20.55,25,1
50,103.85,55,1
4,33.65,47,1
55,94.75,59,0
7,99.8,61,1
31,79.85,58,1
3,34.25,26,1
12,24.95,61,0
72,109.5,38,0
7,85.2,23,1
71,24.85,69,0
66,105.0,28,1
35,85.3,28,1
16,80.75,59,0
23,74.95,48,1
4,45.65,47,1
12,53.65,27,1
59,64.65,60,0
19,19.65,25,0
2,70.75,64,1
54,110.35,21,1
1,69.1,70,1
14,55.5,54,0
7,95.0,32,1
1,59.85,50,1
17,70.0,51,1
72,109.25,57,1
37,40.55,26,0
1,59.2,40,1
72,114.05,56,0
68,39.9,19,0
67,53.4,61,0
24,24.7,42,0
10,73.55,23,0
45,97.05,71,0
1,19.9,45,1
12,101.35,66,1
63,75.7,35,0
4,80.1,27,0
6,83.9,40,1
68,41.95,79,0
26,49.5,53,0
50,71.05,69,1
1,45.1,27,1
41,50.05,62,0
53,94.25,48,1
4,105.65,29,1
50,39.7,48,0
23,99.25,33,1
26,74.95,48,1
12,44.55,33,1
47,95.2,21,0
1,50.9,50,1
9,54.8,43,0
24,49.55,35,1
20,-5.0,45,0
28,80.6,62,0
70,65.2,50,0
28,106.15,75,1
72,116.45,25,0
72,92.3,42,0
67,24.9,54,0
30,94.1,63,1
8,19.7,28,0
36,20.35,37,0
42,50.25,30,1
26,19.4,29,0
1,91.3,68,1
37,92.5,74,1
6,109.9,55,1
8,69.7,80,1
60,49.75,39,0
56,96.85,69,0
25,99.5,35,1
27,50.35,59,0
19,78.25,59,1
7,74.65,33,1
6,19.85,54,0
29,98.5,75,1
2,30.9,53,1
36,96.5,77,1
64,99.0,35,0
7,78.55,51,0
52,103.05,33,0
11,20.95,33,0
33,70.4,43,0
1,54.75,44,1
51,93.5,27,0
31,104.2,51,1
72,-7.0,59,0
11,100.75,45,1
8,71.15,53,1
19,44.85,27,1
9,20.25,37,1
34,60.8,34,0
3,80.4,74,1
55,104.15,21,1
21,94.25,79,1
34,103.8,35,0
1,74.4,67,1
24,53.6,56,0
39,80.0,42,1
29,51.6,77,0
1,69.55,54,1
67,59.55,19,0
10,89.5,55,1
56,68.75,25,0
69,35.75,37,0
9,74.25,23,1
71,106.8,67,0
9,88.05,49,0
22,94.65,52,1
47,-5.0,73,0
67,104.0,28,0
52,39.9,47,0
28,60.9,32,0
51,44.45,31,0
31,35.4,41,1
3,86.85,73,1
5,19.85,57,1
52,85.35,46,1
5,81.3,33,1
8,92.1,71,1
13,89.05,76,1
8,-5.0,74,1
51,19.1,34,0
35,25.6,21,0
46,24.45,55,0
41,66.5,49,1
54,109.55,35,0
10,19.8,46,0
31,78.45,46,1
3,88.3,68,1
36,70.7,55,0
46,95.25,73,1
57,103.05,36,0
57,70.35,32,0
10,55.2,21,1
5,94.45,43,1
72,24.75,27,0
1,45.1,80,1
69,24.45,23,0
2,20.35,62,1
1,55.8,66,1
2,44.95,80,1
4,79.15,41,1
1,20.25,41,1
4,90.05,42,1
6,74.9,49,1
5,99.15,45,1
1,45.85,58,1
61,82.15,66,0
30,79.65,77,1
17,85.35,80,1
6,56.25,44,1
68,108.45,24,1
1,20.5,47,1
1,74.35,56,1
8,80.1,34,1
24,81.0,51,0
9,74.75,55,1
19,79.85,67,1
7,86.25,63,1
40,101.3,54,1
3,79.65,33,1
28,39.1,76,0
72,82.3,56,0
65,79.4,42,0
56,19.55,57,0
16,75.4,25,0
50,75.15,74,0
53,93.9,27,1
26,29.8,24,0
16,19.35,63,0
12,98.9,64,1
17,50.3,35,0
1,50.75,61,1
68,75.8,63,1
13,20.0,54,0
70,105.55,72,0
7,34.5,61,1
5,55.8,42,0
19,90.6,68,1
39,59.3,62,0
72,64.95,70,0
21,54.6,57,0
2,70.65,67,1
48,69.7,19,0
7,74.35,48,0
1,54.35,30,1
1,55.0,47,1
56,88.9,49,0
67,79.7,49,1
41,114.5,23,1
1,44.4,29,1
50,100.2,36,0
10,25.75,39,0
6,85.15,73,1
14,90.9,64,1
72,114.05,52,0
47,65.0,38,0
16,94.45,68,1
44,54.9,58,0
3,20.55,41,1
23,104.05,49,1
44,106.05,25,0
3,63.6,57,1
54,89.8,55,0
25,74.3,48,1
27,78.05,72,1
1,74.5,33,1
12,79.2,73,0
69,99.35,55,0
21,104.4,22,1
2,93.85,70,1
3,36.85,44,1
4,25.45,20,0
7,75.7,47,0
2,44.65,46,1
46,101.0,80,1
5,85.75,38,1
13,74.3,73,1
71,24.75,55,0
61,105.55,44,1
60,74.35,50,0
15,19.5,35,0
7,43.9,41,0
30,44.5,61,0
2,19.85,40,1
5,48.65,57,0
42,84.3,58,1
36,104.8,52,0
3,55.3,45,1
52,105.05,20,1
13,20.4,56,0
38,19.6,60,0
16,20.25,24,1
35,72.25,28,1
18,57.65,25,0
23,59.7,33,0
1,69.7,64,1
46,69.1,65,0
11,74.95,41,1
6,74.4,75,1
1,69.8,50,1
38,57.15,67,1
2,70.0,31,1
16,84.75,76,1
18,88.85,23,0
42,80.45,30,0
59,101.1,21,1
54,105.85,58,0
8,76.15,32,0
25,88.4,72,0
2,80.2,51,1
42,19.05,31,0
58,25.15,56,0
46,24.95,39,0
7,19.25,53,1
10,80.05,60,1
16,72.65,35,1
5,85.2,26,1
1,69.65,52,1
70,102.95,69,1
62,101.35,30,0
49,90.05,75,1
17,91.85,30,1
59,68.7,62,0
47,107.35,43,1
5,96.55,40,0
11,44.05,41,1
9,43.75,48,0
10,80.25,40,1
12,19.35,44,0
22,55.15,22,1
52,68.75,45,0
43,56.15,57,1
3,75.8,63,1
45,24.7,79,0
4,-1.0,25,1
3,79.1,60,1
6,105.3,23,1
1,19.6,24,1
3,-4.0,46,1
56,24.9,57,1
24,101.25,65,1
25,98.5,78,1
1,69.85,51,1
25,90.4,63,1
27,19.9,36,0
20,81.45,74,0
56,104.75,68,1
1,81.1,53,1
33,88.95,59,0
8,30.45,55,1
7,93.85,60,1
51,78.65,35,0
57,39.3,23,1
35,85.15,37,1
2,70.4,47,1
15,79.4,78,1
22,19.95,37,0
54,61.0,20,0
6,80.5,64,1
13,55.95,60,1
55,19.5,43,0
7,81.25,38,0
53,73.9,35,0
16,73.85,32,1
64,97.0,69,0
18,-5.0,28,0
70,74.8,34,0
40,96.35,51,0
21,102.8,52,1
19,95.15,64,1
18,87.9,32,0
2,62.05,44,1
1,19.3,61,1
2,45.0,44,1
63,79.85,36,0
12,67.25,54,0
54,46.2,51,0
1,52.2,41,1
11,55.6,73,0
44,70.95,19,0
62,107.6,54,0
17,45.05,68,1
42,95.55,66,0
21,79.2,49,0
8,19.95,26,0
18,57.45,53,1
2,88.55,68,1
51,19.6,66,0
55,54.55,30,1
31,55.25,60,1
1,70.1,58,1
21,19.6,43,0
22,69.25,19,1
11,84.8,78,1
72,25.85,36,0
34,25.6,57,0
56,100.3,50,1
20,20.0,21,0
2,79.6,80,1
45,99.7,33,0
20,107.05,68,0
29,20.0,30,0
50,79.6,39,0
6,19.65,52,0
44,84.8,54,1
72,-10.0,35,0
1,24.75,56,1
36,60.7,59,0
7,20.25,31,0
26,98.35,55,1
72,72.1,39,0
63,79.8,51,0
60,95.4,59,0
1,20.5,22,1
1,50.1,47,1
4,84.6,68,1
72,75.4,43,0
59,80.1,34,0
1,70.4,40,1
1,19.45,54,1
4,70.4,19,1
9,65.0,20,1
13,19.45,42,0
12,30.25,48,0
63,110.1,46,0
61,24.4,20,0
46,59.9,80,1
1,20.2,45,1
47,110.85,42,1
59,99.5,33,1
5,81.0,68,1
1,60.0,64,1
7,20.25,22,0
48,103.25,24,1
1,19.9,59,1
11,29.6,32,0
8,19.45,28,0
38,99.55,75,1
1,68.95,64,1
4,79.9,27,1
51,20.65,25,0
35,62.15,51,0
30,89.9,62,0
4,25.15,55,0
10,19.3,25,0
2,44.7,72,1
23,-7.0,51,1
50,103.4,38,0
10,81.0,46,1
30,100.2,21,1
29,80.15,29,1
20,79.15,69,1
72,20.1,25,0
72,103.75,38,0
13,84.45,60,1
8,100.6,75,1
25,84.8,64,1
35,72.1,23,0
40,74.8,50,0
1,86.05,66,1
46,96.05,57,1
72,112.4,80,0
29,94.65,43,1
65,103.15,65,0
65,100.15,35,0
56,104.75,67,0
1,86.0,65,1
37,76.5,80,1
1,44.9,30,1
56,73.25,80,0
5,89.15,33,0
70,104.0,25,1
1,44.1,31,1
1,69.65,70,1
71,47.6,44,0
56,64.65,22,0
24,90.35,64,1
1,20.0,30,1
55,75.75,41,0
42,20.7,59,0
22,25.25,30,0
32,69.75,37,1
63,71.5,46,0
1,19.8,40,1
50,19.35,29,0
11,19.95,79,1
35,-9.0,38,0
1,20.15,42,1
29,98.65,76,1
5,19.35,53,1
11,41.6,39,1
54,70.7,49,0
72,109.7,76,0
9,79.35,30,1
1,94.6,56,1
31,86.55,44,1
56,104.55,80,1
3,53.4,23,1
5,84.5,64,1
3,69.65,53,1
15,58.6,29,1
1,53.55,61,1
60,37.7,61,0
64,66.15,40,0
11,19.25,35,1
36,74.9,80,0
4,88.95,30,1
4,85.95,48,1
7,-4.0,61,1
35,101.4,68,1
2,44.6,41,1
27,94.55,48,1
30,74.65,52,0
56,24.15,54,0
1,75.35,80,1
68,95.9,66,0
57,20.75,37,0
14,76.1,24,0
30,100.45,27,0
15,20.35,44,0
50,109.65,63,1
13,19.95,59,0
47,96.1,23,0
10,29.5,46,1
57,19.4,45,0
43,84.85,74,0
54,82.45,70,1
9,75.85,39,0
20,18.9,46,0
7,69.35,39,1
6,44.75,35,1
51,110.05,23,0
2,-2.0,21,1
1,20.05,69,1
56,106.8,49,0
51,25.5,59,0
1,-9.0,68,1
1,20.6,56,1
26,75.0,24,0
3,105.35,50,1
1,75.35,41,1
43,106.0,47,0
39,50.75,35,1
30,83.55,19,0
25,53.65,63,0
13,19.75,56,0
67,54.2,42,0
66,108.45,77,0
60,50.8,58,1
59,24.45,64,0
51,83.4,55,0
1,45.3,37,1
10,64.9,54,0
18,39.05,46,1
58,109.45,39,1
59,100.05,32,0
47,19.65,21,0
3,91.5,33,1
43,110.75,77,1
1,45.95,49,1
11,73.5,30,1
72,67.2,20,0
69,25.6,55,0
71,89.9,22,0
48,105.1,22,0
36,95.0,50,0
63,40.6,48,0
56,65.2,62,0
43,86.45,64,0
25,105.5,27,0
25,105.95,73,1
49,90.4,62,0
1,69.8,34,1
72,114.5,75,0
33,103.7,22,1
10,98.55,51,1
59,109.15,52,0
10,29.65,76,1
1,19.95,62,1
38,94.75,68,0
16,75.1,44,0
21,104.55,48,0
31,98.05,27,0
68,110.2,51,0
34,85.35,26,0
9,58.5,30,1
2,75.8,37,1
17,44.6,27,0
4,25.2,73,1
1,90.85,64,1
49,35.8,19,0
27,19.85,27,0
72,108.95,28,0
67,105.4,37,0
9,66.25,27,1
4,46.0,48,1
48,75.15,64,0
47,20.55,34,0
1,95.1,71,1
22,40.05,80,1
10,95.1,32,0
9,69.5,24,0
1,69.5,75,1
54,74.0,73,0
1,85.7,68,1
63,104.75,52,0
53,96.75,72,0
1,75.7,39,1
12,25.25,39,0
57,90.65,66,0
35,89.7,50,0
33,34.05,64,0
62,24.8,60,0
25,74.3,53,0
39,30.1,56,1
19,39.65,50,1
17,55.5,64,0
53,80.6,56,0
2,55.05,47,1
72,90.8,22,0
31,84.85,68,0
33,104.4,46,1
4,19.0,31,0
71,46.35,74,0
13,80.85,40,1
8,86.55,47,1
8,29.4,65,1
57,112.95,38,1
1,74.7,69,1
45,20.35,24,0
33,94.5,72,1
64,54.6,48,0
4,24.45,31,1
62,97.95,65,0
42,73.15,54,0
68,113.15,48,1
41,94.3,19,0
1,80.85,64,1
2,69.6,74,1
2,85.55,78,1
36,90.85,69,1
72,104.8,58,0
71,105.1,79,1
11,78.5,71,0
11,104.05,73,1
51,59.3,51,1
29,87.8,32,0
4,49.4,44,1
72,24.55,41,0
10,100.25,62,1
3,101.55,57,1
32,80.35,31,1
35,95.5,27,0
48,55.8,20,0
32,85.95,78,1
53,48.7,40,0
7,62.8,42,0
46,19.95,51,0
2,87.15,50,1
58,75.8,28,0
72,73.45,79,0
72,77.35,73,0
60,94.1,44,0
34,44.85,35,0
37,61.45,45,0
62,105.5,22,0
52,80.2,43,0
8,20.25,29,0
12,89.55,60,0
2,94.95,61,1
58,24.45,42,0
1,20.2,38,1
9,84.4,67,1
71,105.15,37,0
72,65.65,32,0
13,79.8,61,1
51,94.65,44,1
20,88.7,20,1
21,20.75,38,0
36,85.25,65,1
1,70.6,48,1
71,91.05,26,0
1,35.75,47,1
5,93.9,44,1
34,106.35,51,1
38,20.05,22,0
22,95.1,39,0
45,50.9,45,0
8,84.0,75,1
52,104.2,69,1
66,-8.0,72,0
32,80.3,71,1
12,45.05,50,0
32,76.3,54,0
1,79.6,40,1
37,98.8,27,1
5,74.65,58,0
4,99.8,65,1
30,77.9,65,0
1,101.45,32,1
25,89.15,36,1
32,54.2,42,0
19,59.8,20,0
69,108.4,69,1
3,91.85,53,1
11,79.5,61,1
58,94.3,49,0
22,49.8,64,0
62,102.0,63,1
7,81.1,35,1
27,53.45,53,0
19,75.9,49,0
19,103.3,34,1
56,24.45,64,0
69,80.65,48,0
65,74.8,56,1
46,19.6,59,0
61,106.0,52,1
3,25.3,80,1
24,99.3,63,1
4,60.4,28,1
2,24.35,79,1
2,66.4,73,1
2,55.1,19,1
1,80.25,34,1
20,19.7,62,0
66,49.4,34,0
34,87.45,39,1
47,66.05,49,0
69,103.95,42,1
17,20.15,35,0
1,19.25,35,1
54,100.1,38,1
1,19.9,46,1
12,94.2,53,1
33,20.15,51,0
21,103.9,57,1
12,84.5,28,1
25,85.9,26,0
11,70.5,38,0
49,30.2,22,0
49,99.05,54,1
55,77.75,38,1
20,19.25,49,0
1,69.75,69,1
1,69.85,70,1
1,45.3,49,1
66,104.9,67,0
10,24.8,61,0
2,79.2,78,1
1,75.3,80,1
16,96.15,76,1
3,94.6,70,1
8,65.45,36,0
71,105.7,52,0
9,85.35,63,1
28,101.3,67,1
3,75.15,33,1
22,84.3,25,1
34,56.95,46,0
46,89.15,21,0
15,19.75,54,1
1,70.0,41,1
22,100.75,51,1
20,24.45,44,1
1,85.45,48,1
72,25.45,39,0
7,69.85,61,0
10,78.15,23,0
20,94.1,77,1
20,19.4,30,1
4,19.95,47,0
1,20.95,19,1
9,19.5,43,0
20,89.1,50,0
21,84.1,46,0
47,106.35,51,0
30,40.35,23,0
53,19.85,60,0
2,89.5,69,1
2,95.1,76,1
27,36.5,68,1
12,95.5,61,1
4,24.25,48,1
10,75.75,37,0
49,96.2,66,1
42,48.15,48,0
72,98.35,65,0
24,89.55,21,0
5,39.5,55,1
70,75.65,72,0
1,60.15,19,1
2,40.4,34,1
68,82.45,21,0
5,83.6,54,1
17,86.75,41,0
4,20.35,35,1
15,20.0,59,1
1,45.4,32,1
31,90.7,75,0
41,99.65,29,0
48,70.1,56,0
1,-5.0,31,1
9,94.4,41,1
71,24.65,79,0
26,35.4,24,0
4,19.6,34,0
9,54.55,79,1
53,69.7,61,0
58,93.4,37,1
10,80.85,40,0
2,79.85,46,1
8,19.85,44,0
4,80.85,22,1
52,104.45,79,0
10,92.5,72,1
69,106.5,58,1
46,81.0,37,0
11,64.9,55,0
3,35.2,20,1
72,84.45,35,0
29,68.85,45,1
1,-8.0,52,1
50,20.35,40,0
9,59.5,33,0
55,21.0,53,0
69,59.1,47,0
1,90.6,41,1
63,19.5,48,0
39,19.75,40,0
2,70.35,74,1
33,83.85,78,1
37,100.3,26,0
7,51.3,73,0
48,64.4,39,0
19,100.95,29,1
29,60.2,28,0
2,69.8,56,1
1,75.45,55,1
3,76.95,44,1
16,74.55,21,0
5,88.9,37,1
18,50.0,30,0
33,58.45,24,0
71,24.45,24,0
22,20.3,42,0
27,20.05,26,0
1,31.35,41,1
6,84.2,76,1
1,69.9,51,1
6,55.9,55,1
5,34.25,52,0
19,99.95,54,1
72,25.1,43,0
1,69.4,62,1
50,95.05,67,1
13,84.6,27,1
72,19.75,56,0
3,50.15,23,1
67,105.6,74,0
13,75.0,25,1
31,94.5,56,0
45,54.15,60,1
15,74.2,74,1
1,56.25,49,1
18,85.45,80,1
70,79.15,40,0
37,19.35,20,0
32,20.55,61,0
1,79.35,32,1
19,89.65,20,1
10,104.4,37,1
41,20.25,39,0
7,70.1,75,1
23,75.3,51,0
19,56.1,54,0
1,70.6,30,1
19,83.65,59,1
53,54.9,62,0
71,109.6,53,0
15,105.35,19,0
4,61.45,44,1
26,73.05,35,0
8,83.55,32,1
33,66.4,19,0
6,20.95,40,0
18,94.7,53,1
5,74.35,72,1
21,104.35,75,0
32,96.15,67,1
1,79.05,24,1
64,108.5,27,0
47,24.55,28,0
72,89.7,32,0
46,19.95,40,0
10,70.3,36,1
43,92.55,59,0
44,96.1,19,1
40,97.1,58,1
37,95.15,40,0
65,26.5,42,0
72,105.0,78,0
32,74.75,45,0
39,19.35,42,0
16,86.25,40,0
12,-5.0,42,0
66,61.15,25,0
58,25.3,39,0
12,56.65,42,1
23,104.45,80,0
40,98.15,68,0
72,89.05,39,0
61,94.35,55,0
26,80.5,34,1
9,80.8,39,1
41,20.15,46,0
26,89.15,68,1
54,55.45,72,0
61,81.0,27,0
5,83.15,68,1
34,20.65,39,0
20,70.45,47,1
32,74.4,70,1
69,61.45,27,0
3,100.95,32,1
37,101.1,73,1
1,25.1,35,1
30,90.25,33,1
72,54.2,51,1
54,97.2,39,0
24,54.15,25,1
5,69.7,56,1
41,19.75,21,0
69,105.4,73,0
69,105.35,51,0
5,84.85,66,1
70,19.85,30,0
65,-3.0,50,0
22,20.25,50,0
38,95.1,47,0
40,81.2,55,0
1,-7.0,53,1
16,88.45,44,1
68,54.45,45,0
66,102.45,41,1
17,92.55,42,1
6,94.5,53,1
4,97.95,21,1
3,79.25,33,1
46,38.25,40,0
62,79.95,69,0
1,19.1,35,1
24,35.75,44,0
16,84.95,34,1
41,53.95,65,0
1,45.65,43,1
56,44.85,58,0
35,59.6,48,0
62,23.4,43,0
7,53.65,46,0
6,94.05,39,0
64,20.05,79,0
1,71.55,42,1
1,19.65,43,1
1,44.35,27,1
10,45.8,34,0
9,24.1,53,1
3,79.9,77,1
71,53.95,46,0
2,69.75,46,1
72,64.7,33,0
3,70.3,69,1
35,20.5,42,0
43,66.25,42,0
49,84.5,55,1
67,94.65,79,0
47,83.35,26,1
12,78.3,34,1
43,108.15,67,1
5,24.3,35,0
3,80.1,30,1
25,58.6,27,1
9,99.45,67,1
22,55.15,32,1
15,99.7,53,0
57,19.6,58,0
6,59.45,58,0
2,73.25,37,1
69,99.5,50,0
15,69.0,40,1
6,79.7,69,0
1,85.0,71,1
4,20.5,39,0
22,95.9,42,0
5,28.45,77,1
18,35.0,27,1
23,95.1,67,0
69,95.2,61,0
70,80.6,37,0
71,71.1,63,0
4,19.7,49,0
26,54.75,27,0
42,73.9,22,1
65,89.85,47,0
60,94.4,33,1
2,-5.0,62,1
22,90.5,71,1
20,25.55,47,0
54,69.95,21,0
23,79.1,22,0
33,73.9,33,1
72,109.65,20,0
70,110.5,41,0
22,79.35,48,1
59,93.35,45,0
31,79.45,37,1
3,49.9,63,1
69,104.05,50,1
29,78.9,37,1
53,54.45,73,1
1,29.95,54,1
20,90.2,63,1
59,19.35,51,1
8,100.85,56,1
11,95.15,67,1
11,80.5,42,1
20,85.25,49,1
10,72.15,49,1
3,40.15,19,1
71,86.4,53,0
31,81.15,26,0
20,24.9,41,0
44,88.4,68,1
10,74.15,28,1
72,55.45,30,0
35,86.45,32,1
54,104.1,62,0
1,95.6,29,1
1,74.9,26,1
31,73.55,72,0
24,96.0,44,1
1,24.8,60,1
38,68.15,61,0
61,25.3,52,0
16,64.25,38,0
1,78.8,55,1
46,65.65,23,0
4,77.85,48,1
60,106.15,48,0
10,70.1,42,1
49,107.95,38,1
1,73.6,21,1
34,97.65,35,1
48,107.4,20,1
43,55.55,70,1
6,79.05,51,1
4,55.3,33,0
25,102.8,75,1
9,45.15,38,1
17,89.4,54,1
1,68.5,39,1
51,83.25,33,0
3,74.75,39,1
66,105.95,68,1
24,78.6,63,0
19,69.6,54,0
5,85.4,51,1
65,92.7,71,0
7,79.7,31,1
45,87.25,29,1
30,64.5,52,0
31,20.95,23,0
1,69.35,57,1
1,80.8,34,1
35,54.95,20,0
71,100.5,61,0
67,106.6,19,0
47,99.35,61,1
16,84.9,22,0
2,86.0,61,1
23,54.25,47,0
12,20.5,57,0
15,76.5,63,0
32,70.5,47,0
25,19.9,41,0
29,100.55,33,0
67,90.6,31,1
68,24.55,20,0
6,20.65,33,0
8,80.0,24,0
3,105.0,68,1
7,50.7,20,0
7,94.7,78,1
14,59.45,29,0
1,69.6,27,1
1,73.55,75,1
38,81.0,28,0
38,105.0,60,1
72,108.3,51,0
1,93.3,59,1
69,54.95,60,0
53,20.8,25,1
15,50.75,52,0
16,38.9,34,0
9,29.95,32,1
23,57.75,30,0
30,99.7,73,1
51,23.95,40,0
60,60.8,19,0
13,30.85,59,0
34,20.05,44,0
33,24.9,73,0
71,76.05,38,0
71,49.35,44,1
26,98.65,26,0
49,97.95,61,0
33,20.6,63,0
1,-7.0,69,1
45,95.2,51,0
46,74.8,19,0
32,93.4,22,0
16,49.95,36,1
50,88.05,79,1
72,20.35,24,0
1,44.45,63,1
25,88.95,71,1
50,43.05,40,0
2,19.3,56,1
34,73.95,63,1
47,109.55,54,1
33,61.05,19,0
1,50.5,35,1
30,25.1,39,0
72,109.2,49,0
14,100.55,56,1
1,19.7,42,1
65,104.3,23,0
23,81.85,51,0
1,79.55,56,1
45,20.85,24,0
18,60.6,64,0
63,20.0,40,0
6,29.45,22,0
58,-4.0,31,0
67,65.55,29,0
59,99.45,54,0
1,55.7,62,1
5,49.2,47,1
30,85.35,59,1
34,70.0,61,1
62,103.75,77,1
53,103.85,74,1
16,20.15,30,0
72,117.15,43,0
49,99.8,27,1
11,64.9,42,0
1,70.3,57,1
42,104.75,69,1
56,111.95,77,1
19,89.35,24,0
11,25.2,50,0
43,104.6,24,1
3,74.4,32,1
56,59.5,34,0
40,55.25,20,1
20,98.55,73,1
63,70.8,59,0
60,20.95,45,0
47,85.5,65,1
11,102.0,36,1
1,50.55,36,1
5,78.95,70,1
62,84.95,46,0
14,91.65,61,1
67,60.4,60,0
61,51.35,38,0
1,43.3,75,1
20,50.0,38,0
61,114.1,48,0
7,74.9,62,1
36,87.55,42,1
26,91.25,79,1
5,70.05,52,1
65,45.25,33,0
44,20.05,28,0
15,56.15,28,0
70,85.95,33,0
65,19.85,55,0
72,23.55,46,0
67,84.8,64,0
42,25.1,26,0
19,19.7,62,0
61,80.9,29,0
26,26.0,56,0
56,103.2,60,0
52,105.0,21,1
46,85.0,77,1
49,25.25,23,0
1,21.0,30,1
57,104.5,47,1
1,81.7,31,1
40,20.4,58,0
29,35.65,67,0
3,19.85,29,1
53,106.95,44,1
24,74.8,57,0
36,55.8,38,0
18,25.55,26,0
62,90.7,44,0
70,98.3,34,1
66,104.6,74,0
61,106.6,39,1
47,39.65,57,0
45,24.65,21,0
68,89.6,70,1
13,96.65,28,1
28,18.25,58,0
23,75.6,47,1
13,23.9,30,1
12,20.3,26,0
26,60.05,35,1
47,98.75,29,1
19,100.0,56,1
1,19.75,43,1
35,100.8,73,0
72,20.55,51,0
1,95.65,45,1
9,74.05,66,0
11,20.1,62,1
7,99.25,71,1
40,67.45,28,0
30,97.0,44,0
1,48.95,22,1
18,78.55,66,1
1,84.8,21,1
32,19.4,57,0
71,85.75,59,0
48,105.25,57,0
4,91.65,55,1
24,104.25,70,1
1,75.75,79,1
44,73.85,69,0
61,-6.0,23,0
37,96.55,66,1
26,105.75,72,1
60,84.95,28,0
1,50.65,26,1
15,74.9,39,1
29,34.3,40,0
36,99.15,54,1
65,90.65,52,0
1,76.35,63,1
65,84.85,57,0
59,89.75,80,0
5,55.7,38,0
4,51.75,39,1
53,25.1,79,0
20,71.3,78,1
5,80.0,26,1
25,89.05,80,1
54,79.95,31,0
68,80.35,75,0
18,44.35,41,0
3,99.0,29,1
1,42.9,47,1
1,76.0,20,1
46,80.4,71,1
70,88.55,69,0
37,40.2,23,0
9,90.1,66,0
55,19.7,54,0
72,25.2,64,0
8,87.05,48,1
67,20.85,57,0
1,44.4,45,1
1,20.85,80,1
39,86.3,29,1
14,92.9,47,0
54,79.5,68,1
65,108.65,53,1
38,69.0,34,0
2,68.95,26,1
1,74.9,26,1
20,61.6,67,1
6,84.4,53,1
66,25.3,59,0
18,20.45,39,0
40,80.75,41,0
29,25.1,53,1
61,115.1,42,0
56,59.8,45,0
9,75.5,65,0
2,93.85,77,1
41,89.55,62,0
35,99.05,71,1
17,100.45,74,1
48,20.2,60,0
69,104.0,44,0
38,85.4,26,0
37,40.2,64,0
54,65.3,47,0
1,45.95,23,1
54,105.4,31,1
53,101.9,69,1
30,19.55,57,0
1,45.3,28,1
65,106.25,66,1
11,78.1,77,0
66,20.35,59,0
3,79.4,75,1
32,35.15,57,0
24,98.75,35,1
72,20.25,62,0
15,25.4,22,1
17,74.55,22,0
8,103.35,26,1
8,24.4,43,0
25,38.1,37,0
72,26.45,21,0
43,71.9,24,0
72,83.7,25,0
9,48.6,31,0
50,99.4,44,0
15,64.85,31,0
71,47.05,59,0
33,68.25,37,1
66,65.85,59,0
1,84.5,31,1
38,95.0,34,0
61,104.4,77,1
5,53.8,56,0
17,80.05,62,0
8,75.75,74,1
25,79.85,54,1
40,71.35,30,0
70,45.25,79,1
37,85.7,75,1
50,69.5,63,0
8,20.45,23,0
43,103.0,73,1
12,105.3,62,0
57,59.3,54,0
1,69.95,48,1
13,90.5,68,1
71,23.85,55,0
58,71.6,44,0
72,68.4,52,0
1,74.5,41,1
1,102.45,52,1
2,79.0,33,1
1,69.25,75,1
11,70.2,76,0
65,105.5,20,1
10,94.9,25,1
1,100.8,78,1
24,70.3,30,0
2,94.2,49,1
4,20.85,27,0
68,25.75,36,0
4,88.45,32,1
66,84.0,57,0
8,101.35,78,1
4,19.0,21,0
2,74.85,79,1
1,19.75,21,1
9,48.75,51,1
18,99.75,68,1
1,25.3,20,1
51,111.5,19,0
47,85.2,78,1
10,85.6,63,1
1,50.45,47,1
40,103.75,74,0
61,89.2,60,0
46,54.35,52,1
1,69.65,30,1
25,20.1,25,0
62,20.45,45,0
55,45.05,48,0
22,-2.0,60,1
3,41.15,67,1
1,90.55,20,1
41,113.2,66,1
5,50.95,46,0
12,78.85,46,0
60,19.25,32,0
1,90.55,30,1
4,98.1,34,1
14,70.2,60,0
72,86.6,37,0
2,82.0,42,1
71,108.6,57,1
7,64.3,19,0
25,19.6,43,0
11,90.15,46,1
72,93.05,73,0
39,40.3,37,0
6,69.8,48,0
31,20.1,63,0
5,90.8,25,1
27,80.85,42,0
39,45.05,40,0
4,74.65,24,1
37,65.6,35,0
7,64.95,67,0
6,50.95,43,0
4,23.9,33,0
46,80.0,43,0
1,45.75,36,1
64,70.2,80,1
72,114.45,53,0
19,18.8,62,0
2,47.8,35,1
3,70.3,31,1
3,35.15,61,1
9,89.45,62,1
17,81.5,70,1
71,90.55,30,0
72,66.75,56,0
54,91.3,27,0
72,89.8,23,0
53,111.8,29,0
1,71.0,80,1
18,49.55,53,1
7,75.45,35,1
57,19.6,54,0
33,93.35,35,0
60,80.95,71,0
46,90.95,23,0
1,20.9,21,1
6,20.6,24,0
45,109.75,62,0
12,99.45,76,1
38,69.95,51,0
15,64.65,51,1
53,61.1,37,0
13,48.75,42,1
7,89.35,35,1
50,95.7,65,1
49,90.85,76,1
43,100.0,56,1
4,85.65,63,1
7,38.55,26,0
57,20.55,56,0
1,79.15,64,1
8,80.65,74,1
64,24.05,45,0
72,89.85,68,0
16,74.3,74,1
1,84.65,25,1
25,69.75,42,0
14,86.1,20,1
9,45.4,54,1
69,-7.0,67,0
50,105.05,77,0
19,73.2,31,1
66,67.45,22,0
69,74.1,71,0
12,96.05,39,1
38,84.25,26,1
24,76.1,69,1
63,109.4,68,0
2,69.65,52,1
36,65.4,25,1
58,105.05,33,0
42,95.25,37,1
5,96.25,62,1
63,100.55,48,1
6,55.3,49,1
1,-10.0,54,1
27,-9.0,53,0
6,45.65,27,0
48,19.95,32,0
16,93.2,40,1
13,70.15,40,0
5,80.6,30,1
72,110.15,54,0
1,45.3,34,1
2,74.9,37,1
3,76.05,71,1
2,50.15,75,1
2,54.85,73,1
60,70.15,49,0
27,100.75,39,0
3,43.3,23,1
6,44.6,61,1
1,-4.0,39,1
34,69.15,67,0
1,79.6,20,1
1,75.8,53,1
12,85.15,61,0
65,59.6,19,0
2,76.4,19,1
42,106.15,54,1
35,19.6,52,0
12,73.75,27,1
45,95.0,25,0
12,84.45,41,1
49,51.8,57,1
2,44.6,23,1
24,54.75,63,1
42,85.9,60,0
56,85.65,71,0
28,30.1,29,0
6,19.7,46,0
1,49.9,34,1
11,76.5,48,1
37,78.95,62,1
7,59.1,32,0
66,110.9,69,1
57,59.75,50,0
47,20.05,52,0
8,38.5,22,0
7,79.0,63,1
70,79.25,56,0
22,48.8,32,1
46,100.7,76,1
39,100.55,21,0
63,19.35,31,0
71,80.1,36,0
43,84.25,61,0
38,70.15,73,1
21,86.55,71,0
1,69.2,51,1
1,44.15,44,1
72,103.95,33,0
29,100.55,46,0
36,40.65,19,0
1,69.6,25,1
10,20.35,40,0
39,80.45,39,1
17,-4.0,77,0
12,56.3,49,0
23,78.55,43,0
3,45.0,76,1
14,65.45,42,1
5,80.15,57,1
67,104.1,61,1
23,81.0,47,1
40,61.9,49,0
69,93.3,59,0
61,84.9,21,0
48,82.05,41,1
69,106.4,59,0
59,41.05,23,1
66,19.75,62,0
43,75.2,63,1
1,40.1,42,1
32,91.05,51,1
8,51.05,47,1
60,105.9,20,1
34,40.55,31,0
15,29.7,56,1
2,80.65,32,1
6,19.7,62,0
66,106.05,30,1
72,95.1,39,0
1,50.45,37,1
31,103.45,53,1
39,81.5,64,0
30,50.4,71,1
10,86.65,74,1
18,99.4,51,1
70,60.35,19,0
12,99.7,49,1
4,77.95,31,1
6,20.15,56,0
8,66.05,34,0
14,69.65,52,0
43,25.7,42,0
18,74.15,43,0
5,24.95,37,1
52,84.05,54,0
17,24.1,31,1
31,96.6,68,0
35,20.2,64,0
6,40.55,61,0
2,75.55,32,1
58,80.65,52,0
19,106.6,43,1
1,-9.0,41,1
18,85.2,27,1
45,78.8,38,0
61,59.8,27,0
1,20.2,62,1
2,-7.0,19,1
8,20.15,24,1
26,19.65,40,0
23,75.0,37,0
1,44.65,49,1
2,95.15,32,1
1,20.15,55,1
22,59.0,46,1
2,19.6,31,1
1,35.9,54,1
15,84.3,36,1
53,19.55,49,0
51,60.15,48,0
55,100.9,19,0
4,42.4,50,0
2,42.6,49,1
45,100.85,34,1
3,36.45,67,1
28,104.8,23,1
23,85.6,25,0
1,20.55,53,1
71,80.4,22,0
14,76.45,20,0
24,54.6,28,0
1,80.3,78,1
5,64.35,63,0
1,69.4,47,1
7,75.1,35,1
10,65.9,32,0
72,59.75,40,0
67,116.1,68,0
30,85.15,45,1
20,81.0,45,0
70,114.3,23,0
38,62.3,46,1
1,24.8,77,1
3,98.7,28,1
65,19.55,34,0
9,94.75,34,1
60,64.75,29,0
35,21.45,47,0
33,24.5,21,1
40,79.2,65,1
3,44.3,19,1
21,80.35,61,0
24,66.3,21,0
6,18.95,24,0
21,97.35,63,1
66,90.95,20,0
24,90.55,40,1
72,24.9,42,0
1,19.6,52,1
8,75.0,20,1
8,85.65,62,0
42,-7.0,56,0
15,20.45,21,0
1,69.95,73,1
14,50.75,38,1
35,19.65,30,0
15,80.2,75,1
72,115.5,53,0
66,70.85,73,0
23,94.75,77,1
42,99.45,50,1
15,75.3,70,1
72,107.4,66,0
62,24.25,40,0
39,59.85,32,0
55,84.25,19,0
40,42.35,39,1
6,89.25,60,0
1,71.35,23,1
66,25.45,40,0
63,19.55,48,0
62,-10.0,56,0
1,70.55,72,1
6,19.5,62,1
1,79.65,57,1
9,84.45,76,1
64,86.55,35,0
1,69.65,70,1
27,85.25,74,1
16,94.25,27,1
10,74.75,39,1
13,-3.0,28,1
24,21.1,51,0
14,31.1,63,0
1,20.3,44,1
65,89.75,39,1
1,45.1,71,1
30,79.3,59,0
13,44.0,20,0
4,74.35,52,1
11,20.0,31,0
2,80.2,58,1
58,100.35,39,0
10,45.25,46,0
59,76.75,63,0
4,95.45,74,1
42,25.25,55,0
43,63.95,26,0
38,60.0,47,0
14,75.1,73,0
11,50.55,23,0
17,56.1,58,0
4,72.2,20,1
39,105.65,65,1
23,106.4,74,1
9,101.5,33,0
36,104.5,39,0
7,79.65,61,1
56,20.05,58,0
15,19.75,35,0
23,19.65,24,0
71,81.85,25,0
8,19.6,54,0
1,93.85,49,1
72,97.7,26,0
24,75.4,55,1
11,35.65,20,0
59,20.6,45,0
66,56.75,35,0
66,80.55,74,1
11,97.85,48,1
24,19.7,51,0
46,93.7,48,1
28,89.95,56,1
12,50.25,50,1
2,-1.0,41,1
6,75.5,33,1
4,20.5,52,0
32,90.95,80,0
52,20.65,57,0
72,93.25,62,0
67,118.35,53,1
21,80.9,55,0
23,20.3,38,0
72,64.8,78,0
12,49.2,39,0
22,43.75,51,1
5,90.35,33,0
42,20.0,63,0
42,100.4,42,0
5,55.75,27,0
39,25.0,52,0
35,61.0,27,0
10,79.25,75,1
71,20.5,60,0
4,45.3,36,1
71,79.05,44,0
69,19.95,24,0
7,44.65,22,0
70,39.15,47,0
5,84.7,73,0
16,96.4,66,1
5,59.9,79,0
14,64.7,51,1
3,77.0,74,1
64,53.85,53,0
1,25.2,29,1
2,24.45,66,1
20,68.9,44,0
72,115.55,46,0
33,103.75,47,1
51,97.8,70,1
1,50.45,39,1
32,93.2,69,1
19,55.0,55,1
7,19.4,63,0
1,20.2,55,1
72,110.45,33,0
9,50.8,61,0
65,59.95,45,0
35,53.15,53,0
43,107.55,80,1
1,19.65,50,1
27,104.65,76,0
58,71.1,56,0
12,26.4,54,0
14,86.3,64,1
10,89.8,71,1
72,66.5,23,0
2,49.25,21,1
64,80.3,77,0
39,41.1,35,0
7,95.35,46,1
58,24.35,31,0
4,74.4,75,1
3,50.65,51,1
1,74.35,32,1
72,86.05,22,0
43,101.0,68,1
1,69.6,72,1
68,100.3,43,0
1,71.65,60,1
8,84.9,58,1
33,59.4,41,0
57,100.6,37,0
42,77.95,53,1
8,20.25,41,0
4,56.75,26,0
25,95.9,55,1
34,100.05,22,1
72,84.7,45,0
21,60.05,80,1
67,100.9,40,0
41,20.65,53,0
66,62.5,52,0
15,25.25,21,0
59,82.95,75,0
25,54.2,37,0
2,95.65,34,1
5,91.4,79,1
6,83.55,47,1
22,101.35,44,1
49,20.7,62,0
2,75.7,55,1
42,78.45,56,0
26,83.75,62,1
10,20.0,51,0
67,25.6,53,0
10,99.85,58,1
4,76.05,62,1
66,80.45,72,1
2,56.7,62,1
35,39.85,77,0
72,115.05,41,0
8,44.45,56,0
19,78.7,57,0
38,24.25,36,0
38,94.9,32,0
72,74.35,61,0
1,73.65,80,1
13,67.8,36,0
5,89.35,30,1
5,69.05,71,1
18,80.55,67,0
64,108.95,76,0
42,55.65,66,0
19,73.85,47,1
13,100.8,69,1
41,19.75,40,0
25,24.75,61,1
15,85.6,74,1
14,75.35,42,1
54,20.05,58,0
8,73.5,22,0
14,80.05,51,0
72,20.8,31,0
48,104.5,79,0
21,77.5,34,1
7,49.75,24,1
40,106.0,37,0
24,89.85,23,1
72,84.8,77,0
17,19.65,27,0
1,79.1,65,1
72,92.45,78,1
50,35.0,51,0
38,20.3,52,0
59,111.1,40,0
3,85.3,46,1
70,64.95,31,0
43,94.35,50,0
5,50.6,54,1
1,86.6,41,1
72,115.75,77,0
18,25.3,45,0
49,95.6,53,1
15,49.1,33,1
34,94.25,75,1
51,84.2,80,1
26,66.05,79,0
49,59.75,40,1
24,104.65,51,1
56,24.8,48,0
44,53.95,38,1
72,116.75,79,0
51,75.2,39,0
66,79.4,71,1
46,99.8,26,0
69,104.7,52,1
47,100.05,68,1
12,78.95,34,1
4,74.4,39,1
2,79.7,25,1
1,71.65,65,1
66,90.55,43,0
57,74.3,59,0
4,29.65,27,1
60,106.0,68,1
64,74.65,68,0
1,30.2,27,1
36,92.9,23,0
46,45.55,50,0
51,47.85,48,0
3,75.0,27,1
56,105.45,42,0
16,59.4,75,1
29,58.75,35,0
22,74.4,79,1
29,69.05,26,0
68,88.0,49,0
37,76.25,78,1
7,74.4,72,1
51,20.45,36,0
42,94.2,25,1
31,91.15,39,1
42,19.55,32,0
13,31.05,46,1
5,40.0,25,1
71,77.55,21,0
27,69.05,26,0
57,20.75,60,0
41,74.25,45,0
26,81.9,26,0
10,85.95,20,0
31,59.7,21,0
10,54.95,34,0
42,67.7,55,0
25,89.5,69,1
1,78.95,62,1
5,43.25,30,1
21,20.5,79,0
19,19.9,49,0
51,93.8,80,1
28,89.9,56,0
4,79.0,61,1
69,95.35,73,0
44,100.55,41,1
27,20.55,37,0
17,64.7,20,1
72,25.4,40,0
9,44.2,40,1
1,90.6,77,1
9,74.85,28,0
1,39.65,78,1
6,90.1,53,1
18,99.85,34,1
60,99.8,22,0
11,23.15,42,1
59,61.35,46,0
12,49.05,58,0
8,65.5,23,0
28,29.75,35,0
12,84.05,56,0
30,107.5,62,0
12,83.8,65,1
3,55.15,25,1
41,40.35,59,0
8,81.25,66,1
72,103.4,47,1
30,86.45,53,0
1,75.1,36,1
46,104.45,65,0
32,-8.0,39,1
1,80.05,53,1
48,83.45,30,0
72,110.65,24,0
3,56.15,21,1
2,70.7,28,1
8,84.95,35,1
35,100.5,65,1
13,96.65,54,1
30,64.5,56,0
33,91.25,55,0
54,106.55,59,1
67,109.4,53,0
18,80.65,58,1
63,19.25,57,0
48,19.95,43,0
10,86.45,57,1
10,49.55,53,0
45,84.55,49,0
28,105.7,33,1
48,60.35,51,1
68,90.2,27,0
6,73.85,45,0
20,84.35,78,0
3,49.15,47,1
69,39.1,52,0
7,101.95,65,1
35,20.6,22,0
62,115.05,39,0
44,19.9,42,0
12,29.2,46,1
72,109.2,40,0
69,95.65,32,0
72,65.6,36,0
21,20.85,40,0
46,95.65,27,0
34,71.55,72,0
31,93.8,62,1
72,107.7,29,0
37,19.85,28,0
60,19.65,31,0
44,30.35,73,1
25,-1.0,72,1
18,55.95,33,0
9,83.3,46,1
68,76.75,40,0
1,84.6,40,1
47,106.4,42,1
2,79.65,56,1
15,19.45,26,0
1,78.65,41,1
51,94.8,22,1
63,25.25,19,0
29,98.6,49,1
56,24.3,23,0
57,95.0,35,0
36,25.1,48,0
22,20.75,49,0
70,19.45,26,0
14,50.45,25,0
18,19.65,32,0
23,73.75,37,0
7,84.55,75,1
71,116.1,29,0
4,56.5,38,1
64,102.1,67,0
11,78.0,63,0
71,118.65,58,0
34,79.6,79,1
69,66.9,46,0
9,69.05,63,0
1,50.35,40,1
13,56.0,63,0
3,25.25,62,1
57,53.5,78,0
11,89.7,68,1
72,105.75,70,0
60,49.45,70,0
1,79.55,58,1
6,93.55,42,1
9,18.95,59,1
9,40.75,45,0
5,50.35,73,1
8,20.85,31,0
72,108.2,21,0
12,74.05,57,1
39,48.95,27,1
26,75.5,59,0
27,19.15,20,0
3,69.35,48,1
18,90.7,26,1
26,61.55,23,0
65,109.4,68,0
41,89.2,35,0
67,116.2,25,1
22,88.75,53,0
64,65.8,39,0
27,30.75,71,1
3,96.6,48,1
1,50.55,69,1
51,56.4,52,0
13,95.25,67,1
61,19.4,22,1
72,78.85,24,0
23,59.95,25,0
62,86.1,51,0
64,102.1,66,0
47,100.75,50,0
54,111.1,56,1
47,20.25,64,0
34,77.2,23,0
68,105.3,70,1
64,69.25,30,0
15,100.15,64,0
5,81.0,61,1
23,54.4,40,0
50,108.55,58,1
17,85.45,29,1
59,54.15,35,0
15,55.7,60,1
61,79.8,36,0
40,51.1,26,0
1,45.7,36,1
16,85.05,69,0
1,85.45,22,1
59,95.8,36,0
18,103.6,65,0
7,89.5,75,1
64,19.7,28,0
1,24.45,44,1
26,47.85,34,0
49,100.45,35,1
44,68.85,41,0
56,52.7,57,0
6,80.25,50,0
41,113.6,41,1
22,84.15,23,0
17,90.2,62,1
41,79.9,42,1
10,98.7,35,1
26,90.8,47,1
1,19.45,70,1
50,70.35,45,0
38,20.45,26,0
14,85.15,27,1
24,93.55,69,1
19,95.9,65,1
7,75.15,34,1
13,54.45,28,1
18,84.95,70,0
7,70.75,57,1
69,61.4,56,0
14,104.85,80,1
1,94.4,49,1
1,24.6,39,1
16,19.75,40,0
65,82.5,23,0
4,78.85,65,1
2,70.7,19,1
72,113.65,25,0
6,47.95,23,1
1,76.45,74,1
52,111.25,20,1
5,75.55,20,1
29,94.45,73,1
65,67.05,50,0
17,98.6,38,1
52,20.1,22,0
71,113.65,23,0
34,62.65,19,1
3,54.7,58,1
4,74.95,76,1
15,83.2,60,0
52,109.1,67,0
21,95.4,77,0
68,64.1,23,0
1,85.0,51,1
13,74.4,36,1
72,45.25,46,0
38,74.95,66,1
64,70.15,24,0
13,96.85,74,0
5,-10.0,59,0
72,91.35,47,0
1,94.0,76,1
1,79.95,56,1
8,99.65,31,1
3,74.25,44,1
69,29.8,69,0
11,61.25,29,0
2,79.75,74,1
1,18.85,53,1
23,66.25,29,0
13,100.35,54,1
66,25.3,64,0
72,85.95,57,0
33,54.65,62,0
59,90.3,50,0
4,44.8,28,0
38,110.7,59,0
24,58.35,50,0
67,72.35,63,0
43,109.55,74,1
64,24.4,36,0
71,24.35,36,0
27,70.55,71,0
4,20.7,28,0
8,84.5,51,1
33,80.6,76,1
60,59.85,49,0
54,70.15,50,1
24,40.65,74,1
35,19.85,37,0
43,90.65,19,0
5,69.95,47,0
44,89.15,70,0
12,80.45,77,1
27,20.6,42,0
69,24.6,24,0
1,74.7,52,1
70,98.9,25,0
15,91.5,80,0
64,110.5,42,0
45,105.15,63,0
4,70.15,39,1
48,95.5,47,1
40,104.8,55,1
18,88.35,47,1
8,55.75,62,0
70,89.0,30,0
38,19.95,26,0
51,90.15,21,0
15,99.1,34,1
9,19.6,53,0
4,87.1,33,1
48,102.5,43,0
14,89.95,40,1
11,20.05,52,0
72,65.25,24,0
1,76.2,53,1
36,97.35,39,1
27,85.2,33,0
1,44.7,21,1
7,86.8,22,1
72,85.1,24,0
4,50.4,60,1
32,78.9,62,1
25,19.05,50,0
28,59.0,35,0
15,59.45,25,1
71,80.7,48,0
14,59.8,44,0
70,75.35,35,0
1,71.15,78,1
70,69.2,52,0
42,84.65,79,1
18,90.0,55,1
10,75.05,22,0
1,93.55,73,1
72,64.75,45,0
35,80.05,63,0
69,19.1,19,0
52,19.65,23,0
13,70.15,53,0
1,79.35,30,1
54,20.0,48,0
35,20.75,34,0
18,95.15,52,1
1,40.2,77,1
64,100.05,39,1
10,75.3,80,0
34,56.25,72,0
18,90.1,33,1
1,29.7,30,1
26,89.8,49,1
11,53.75,60,1
70,84.1,63,0
26,20.65,28,0
69,19.9,49,0
8,70.1,30,1
62,96.1,67,0
2,91.4,50,1
30,54.45,50,0
38,54.5,30,0
16,-4.0,40,1
1,51.25,58,1
4,89.6,64,1
65,69.55,40,0
38,70.45,39,1
64,99.25,38,0
71,98.65,60,0
59,106.75,47,1
68,25.4,50,0
30,94.4,52,1
6,25.1,37,0
3,69.55,30,1
37,91.15,29,0
68,54.45,24,0
16,65.2,48,1
64,105.4,61,0
49,19.9,19,0
37,79.25,43,0
43,101.4,39,1
30,94.05,33,1
25,104.95,48,1
32,85.0,69,1
3,89.45,56,1
65,91.85,29,1
43,55.45,38,0
6,70.55,52,0
47,20.55,62,0
25,20.2,21,0
37,19.8,49,0
13,81.15,37,1
63,-3.0,47,0
1,50.8,20,1
63,20.5,50,0
53,60.6,29,0
66,92.15,49,0
47,19.65,63,0
30,100.05,64,1
53,106.1,44,1
17,94.4,57,1
45,115.65,26,0
42,105.2,26,1
58,24.7,23,0
1,49.25,71,1
30,40.3,74,1
71,24.5,20,0
45,62.55,48,0
46,40.4,63,0
5,100.5,54,1
14,74.95,67,1
44,88.15,35,0
2,80.25,42,1
18,96.05,23,1
5,80.1,56,0
13,54.15,51,0
5,45.4,74,0
37,106.75,77,1
56,85.85,60,0
4,94.9,25,0
29,70.75,36,1
1,90.85,47,1
1,69.2,44,1
49,99.4,20,0
1,53.95,49,1
2,49.4,27,1
9,98.3,27,1
39,81.9,47,0
72,117.5,58,0
6,87.95,37,0
1,73.5,50,1
48,29.9,75,0
5,65.6,22,0
39,81.4,54,0
4,94.4,59,1
53,98.6,52,0
51,77.5,69,1
31,88.65,46,0
72,92.0,55,0
22,80.15,59,0
6,59.15,60,0
35,113.2,49,0
1,75.3,38,1
8,69.95,67,0
14,39.7,75,0
46,21.1,42,0
66,20.0,61,0
39,103.45,52,1
72,109.55,27,0
1,69.9,56,1
22,96.7,65,1
40,83.85,50,0
53,19.5,29,0
11,48.55,43,1
66,-7.0,43,0
35,75.2,48,1
41,106.5,20,0
72,80.85,55,0
17,69.0,58,1
36,20.0,47,0
41,101.1,69,0
1,45.7,37,1
39,89.55,50,1
66,110.85,66,1
3,78.5,39,1
72,26.1,61,0
6,80.5,45,1
14,19.75,38,0
9,90.8,53,1
72,100.9,52,0
3,74.1,55,1
10,110.1,53,1
41,104.7,21,1
19,25.35,19,0
35,55.0,60,1
19,86.0,58,1
17,20.75,28,0
22,20.05,43,0
11,44.65,59,0
17,104.2,38,1
2,80.95,51,1
1,78.45,65,1
35,46.35,59,0
8,100.3,66,1
1,74.3,31,1
66,114.3,27,0
3,80.3,37,1
40,-1.0,65,1
32,91.35,66,0
65,53.5,75,0
1,25.05,69,1
20,96.8,32,0
26,93.85,73,1
72,84.1,79,0
21,94.3,60,0
33,95.3,55,0
14,80.45,44,1
4,20.4,51,0
28,54.4,55,0
60,97.2,59,0
15,84.45,58,0
9,91.75,58,1
1,75.3,53,1
32,85.65,51,0
3,95.1,55,1
15,74.4,65,1
38,79.45,44,1
6,80.8,75,0
21,-1.0,79,1
71,24.4,19,0
9,83.85,73,1
19,19.9,47,0
6,19.7,50,0
67,19.25,56,0
7,94.05,20,0
1,70.15,53,1
4,20.95,36,1
13,55.15,20,0
22,85.1,40,1
